chunkdata,total_duration,valid_duration,valid_ratio
chunk_28ae3f2db33346b06b31e88485f06964_0,7205.289999999997,7205.289999999997,100.00%
